Timestamp,User Count,Type,Name,Requests/s,Failures/s,50%,66%,75%,80%,90%,95%,98%,99%,99.9%,99.99%,100%,Total Request Count,Total Failure Count,Total Median Response Time,Total Average Response Time,Total Min Response Time,Total Max Response Time,Total Average Content Size
1682888097,0,,Aggregated,0.000000,0.000000,N/A,N/A,N/A,N/A,N/A,N/A,N/A,N/A,N/A,N/A,N/A,0,0,0,0.0,0,0,0
1682888098,50,,Aggregated,0.000000,0.000000,N/A,N/A,N/A,N/A,N/A,N/A,N/A,N/A,N/A,N/A,N/A,0,0,0,0.0,0,0,0
1682888099,100,,Aggregated,0.000000,0.000000,N/A,N/A,N/A,N/A,N/A,N/A,N/A,N/A,N/A,N/A,N/A,0,0,0,0.0,0,0,0
1682888100,200,,Aggregated,0.000000,0.000000,N/A,N/A,N/A,N/A,N/A,N/A,N/A,N/A,N/A,N/A,N/A,0,0,0,0.0,0,0,0
1682888101,250,,Aggregated,0.000000,0.000000,N/A,N/A,N/A,N/A,N/A,N/A,N/A,N/A,N/A,N/A,N/A,0,0,0,0.0,0,0,0
1682888102,300,,Aggregated,0.000000,0.000000,N/A,N/A,N/A,N/A,N/A,N/A,N/A,N/A,N/A,N/A,N/A,0,0,0,0.0,0,0,0
1682888103,336,POST,/q/api/saveentity,0.000000,0.000000,0,0,0,0,0,0,0,0,0,0,0,47,47,1091.0614,1082.984180851064,1071.8494000000005,1091.0614,4736.0
1682888103,336,,Aggregated,0.000000,0.000000,1100,1100,1100,1100,1100,1100,1100,1100,1100,1100,1100,47,47,1091.0614,1082.984180851064,1071.8494000000005,1091.0614,4736.0
1682888104,400,POST,/q/api/saveentity,0.000000,0.000000,1100,1100,1100,1100,1100,1100,1100,1100,1100,1100,1100,83,83,1100.0,1093.4952710843374,1071.8494000000005,1113.9428000000003,4736.0
1682888104,400,,Aggregated,0.000000,0.000000,1100,1100,1100,1100,1100,1100,1100,1100,1100,1100,1100,83,83,1100.0,1093.4952710843374,1071.8494000000005,1113.9428000000003,4736.0
1682888105,450,POST,/q/api/saveentity,0.000000,0.000000,1200,1200,1200,1200,1200,1200,1200,1200,1200,1200,1200,166,166,1100.0,1138.3780596385534,1071.8494000000005,1200.3764000000006,4736.0
1682888105,450,,Aggregated,0.000000,0.000000,1200,1200,1200,1200,1200,1200,1200,1200,1200,1200,1200,166,166,1100.0,1138.3780596385534,1071.8494000000005,1200.3764000000006,4736.0
1682888106,500,POST,/q/api/saveentity,0.000000,0.000000,N/A,N/A,N/A,N/A,N/A,N/A,N/A,N/A,N/A,N/A,N/A,0,0,0,0.0,0,0,0
1682888106,500,,Aggregated,0.000000,0.000000,N/A,N/A,N/A,N/A,N/A,N/A,N/A,N/A,N/A,N/A,N/A,0,0,0,0.0,0,0,0
1682888107,367,POST,/q/api/saveentity,0.000000,0.000000,0,0,0,0,0,0,0,0,0,0,0,133,133,1282.1867000000004,1259.4608315789465,1208.4569,1282.1867000000004,4736.0
1682888107,367,,Aggregated,0.000000,0.000000,0,0,0,0,0,0,0,0,0,0,0,133,133,1282.1867000000004,1259.4608315789465,1208.4569,1282.1867000000004,4736.0
1682888108,217,POST,/q/api/saveentity,0.000000,0.000000,1200,1200,1200,1200,1200,1200,1200,1200,1200,1200,1200,283,283,1200.0,1219.8161409893999,1084.762399999999,1282.1867000000004,4736.0
1682888108,217,,Aggregated,0.000000,0.000000,1200,1200,1200,1200,1200,1200,1200,1200,1200,1200,1200,283,283,1200.0,1219.8161409893999,1084.762399999999,1282.1867000000004,4736.0
1682888109,217,POST,/q/api/saveentity,0.000000,0.000000,1200,1200,1200,1200,1200,1200,1200,1200,1200,1200,1200,283,283,1200.0,1219.8161409893999,1084.762399999999,1282.1867000000004,4736.0
1682888109,217,,Aggregated,0.000000,0.000000,1200,1200,1200,1200,1200,1200,1200,1200,1200,1200,1200,283,283,1200.0,1219.8161409893999,1084.762399999999,1282.1867000000004,4736.0
1682888110,217,POST,/q/api/saveentity,0.000000,0.000000,1200,1200,1200,1200,1200,1200,1200,1200,1200,1200,1200,283,283,1200.0,1219.8161409893999,1084.762399999999,1282.1867000000004,4736.0
1682888110,217,,Aggregated,0.000000,0.000000,1200,1200,1200,1200,1200,1200,1200,1200,1200,1200,1200,283,283,1200.0,1219.8161409893999,1084.762399999999,1282.1867000000004,4736.0
1682888111,217,POST,/q/api/saveentity,0.000000,0.000000,1200,1200,1200,1200,1200,1200,1200,1200,1200,1200,1200,283,283,1200.0,1219.8161409893999,1084.762399999999,1282.1867000000004,4736.0
1682888111,217,,Aggregated,0.000000,0.000000,1200,1200,1200,1200,1200,1200,1200,1200,1200,1200,1200,283,283,1200.0,1219.8161409893999,1084.762399999999,1282.1867000000004,4736.0
1682888112,217,POST,/q/api/saveentity,0.000000,0.000000,1200,1200,1200,1200,1200,1200,1200,1200,1200,1200,1200,283,283,1200.0,1219.8161409893999,1084.762399999999,1282.1867000000004,4736.0
1682888112,217,,Aggregated,0.000000,0.000000,1200,1200,1200,1200,1200,1200,1200,1200,1200,1200,1200,283,283,1200.0,1219.8161409893999,1084.762399999999,1282.1867000000004,4736.0
1682888113,217,POST,/q/api/saveentity,0.000000,0.000000,1200,1200,1200,1200,1200,1200,1200,1200,1200,1200,1200,283,283,1200.0,1219.8161409893999,1084.762399999999,1282.1867000000004,4736.0
1682888113,217,,Aggregated,0.000000,0.000000,1200,1200,1200,1200,1200,1200,1200,1200,1200,1200,1200,283,283,1200.0,1219.8161409893999,1084.762399999999,1282.1867000000004,4736.0
1682888114,217,POST,/q/api/saveentity,0.000000,0.000000,1200,1200,1200,1200,1200,1200,1200,1200,1200,1200,1200,283,283,1200.0,1219.8161409893999,1084.762399999999,1282.1867000000004,4736.0
1682888114,217,,Aggregated,0.000000,0.000000,1200,1200,1200,1200,1200,1200,1200,1200,1200,1200,1200,283,283,1200.0,1219.8161409893999,1084.762399999999,1282.1867000000004,4736.0
1682888115,217,POST,/q/api/saveentity,0.000000,0.000000,1200,1200,1200,1200,1200,1200,1200,1200,1200,1200,1200,283,283,1200.0,1219.8161409893999,1084.762399999999,1282.1867000000004,4736.0
1682888115,217,,Aggregated,0.000000,0.000000,1200,1200,1200,1200,1200,1200,1200,1200,1200,1200,1200,283,283,1200.0,1219.8161409893999,1084.762399999999,1282.1867000000004,4736.0
1682888116,217,POST,/q/api/saveentity,0.000000,0.000000,1200,1200,1200,1200,1200,1200,1200,1200,1200,1200,1200,283,283,1200.0,1219.8161409893999,1084.762399999999,1282.1867000000004,4736.0
1682888116,217,,Aggregated,0.000000,0.000000,1200,1200,1200,1200,1200,1200,1200,1200,1200,1200,1200,283,283,1200.0,1219.8161409893999,1084.762399999999,1282.1867000000004,4736.0
1682888117,217,POST,/q/api/saveentity,0.000000,0.000000,1200,1200,1200,1200,1200,1200,1200,1200,1200,1200,1200,283,283,1200.0,1219.8161409893999,1084.762399999999,1282.1867000000004,4736.0
1682888117,217,,Aggregated,0.000000,0.000000,1200,1200,1200,1200,1200,1200,1200,1200,1200,1200,1200,283,283,1200.0,1219.8161409893999,1084.762399999999,1282.1867000000004,4736.0
1682888118,217,POST,/q/api/saveentity,0.000000,0.000000,1200,1200,1200,1200,1200,1200,1200,1200,1200,1200,1200,283,283,1200.0,1219.8161409893999,1084.762399999999,1282.1867000000004,4736.0
1682888118,217,,Aggregated,0.000000,0.000000,1200,1200,1200,1200,1200,1200,1200,1200,1200,1200,1200,283,283,1200.0,1219.8161409893999,1084.762399999999,1282.1867000000004,4736.0
1682888119,217,POST,/q/api/saveentity,0.000000,0.000000,1200,1200,1200,1200,1200,1200,1200,1200,1200,1200,1200,283,283,1200.0,1219.8161409893999,1084.762399999999,1282.1867000000004,4736.0
1682888119,217,,Aggregated,0.000000,0.000000,1200,1200,1200,1200,1200,1200,1200,1200,1200,1200,1200,283,283,1200.0,1219.8161409893999,1084.762399999999,1282.1867000000004,4736.0
1682888120,217,POST,/q/api/saveentity,0.000000,0.000000,1200,1200,1200,1200,1200,1200,1200,1200,1200,1200,1200,283,283,1200.0,1219.8161409893999,1084.762399999999,1282.1867000000004,4736.0
1682888120,217,,Aggregated,0.000000,0.000000,1200,1200,1200,1200,1200,1200,1200,1200,1200,1200,1200,283,283,1200.0,1219.8161409893999,1084.762399999999,1282.1867000000004,4736.0
1682888121,217,POST,/q/api/saveentity,0.000000,0.000000,1200,1200,1200,1200,1200,1200,1200,1200,1200,1200,1200,283,283,1200.0,1219.8161409893999,1084.762399999999,1282.1867000000004,4736.0
1682888121,217,,Aggregated,0.000000,0.000000,1200,1200,1200,1200,1200,1200,1200,1200,1200,1200,1200,283,283,1200.0,1219.8161409893999,1084.762399999999,1282.1867000000004,4736.0
1682888122,217,POST,/q/api/saveentity,0.000000,0.000000,1200,1200,1200,1200,1200,1200,1200,1200,1200,1200,1200,283,283,1200.0,1219.8161409893999,1084.762399999999,1282.1867000000004,4736.0
1682888122,217,,Aggregated,0.000000,0.000000,1200,1200,1200,1200,1200,1200,1200,1200,1200,1200,1200,283,283,1200.0,1219.8161409893999,1084.762399999999,1282.1867000000004,4736.0
1682888123,217,POST,/q/api/saveentity,0.000000,0.000000,1200,1200,1200,1200,1200,1200,1200,1200,1200,1200,1200,283,283,1200.0,1219.8161409893999,1084.762399999999,1282.1867000000004,4736.0
1682888123,217,,Aggregated,0.000000,0.000000,1200,1200,1200,1200,1200,1200,1200,1200,1200,1200,1200,283,283,1200.0,1219.8161409893999,1084.762399999999,1282.1867000000004,4736.0
1682888124,217,POST,/q/api/saveentity,0.000000,0.000000,1200,1200,1200,1200,1200,1200,1200,1200,1200,1200,1200,283,283,1200.0,1219.8161409893999,1084.762399999999,1282.1867000000004,4736.0
1682888124,217,,Aggregated,0.000000,0.000000,1200,1200,1200,1200,1200,1200,1200,1200,1200,1200,1200,283,283,1200.0,1219.8161409893999,1084.762399999999,1282.1867000000004,4736.0
1682888125,217,POST,/q/api/saveentity,0.000000,0.000000,0,0,0,0,0,0,0,0,0,0,0,283,283,1200.0,1219.8161409893999,1084.762399999999,1282.1867000000004,4736.0
1682888125,217,,Aggregated,0.000000,0.000000,0,0,0,0,0,0,0,0,0,0,0,283,283,1200.0,1219.8161409893999,1084.762399999999,1282.1867000000004,4736.0
1682888126,217,POST,/q/api/saveentity,0.000000,0.000000,0,0,0,0,0,0,0,0,0,0,0,283,283,1200.0,1219.8161409893999,1084.762399999999,1282.1867000000004,4736.0
1682888126,217,,Aggregated,0.000000,0.000000,0,0,0,0,0,0,0,0,0,0,0,283,283,1200.0,1219.8161409893999,1084.762399999999,1282.1867000000004,4736.0
1682888127,217,POST,/q/api/saveentity,0.000000,0.000000,0,0,0,0,0,0,0,0,0,0,0,283,283,1200.0,1219.8161409893999,1084.762399999999,1282.1867000000004,4736.0
1682888127,217,,Aggregated,0.000000,0.000000,0,0,0,0,0,0,0,0,0,0,0,283,283,1200.0,1219.8161409893999,1084.762399999999,1282.1867000000004,4736.0
1682888128,217,POST,/q/api/saveentity,0.000000,0.000000,0,0,0,0,0,0,0,0,0,0,0,283,283,1200.0,1219.8161409893999,1084.762399999999,1282.1867000000004,4736.0
1682888128,217,,Aggregated,0.000000,0.000000,0,0,0,0,0,0,0,0,0,0,0,283,283,1200.0,1219.8161409893999,1084.762399999999,1282.1867000000004,4736.0
1682888129,217,POST,/q/api/saveentity,0.000000,0.000000,0,0,0,0,0,0,0,0,0,0,0,283,283,1200.0,1219.8161409893999,1084.762399999999,1282.1867000000004,4736.0
1682888129,217,,Aggregated,0.000000,0.000000,0,0,0,0,0,0,0,0,0,0,0,283,283,1200.0,1219.8161409893999,1084.762399999999,1282.1867000000004,4736.0
1682888130,217,POST,/q/api/saveentity,0.000000,0.000000,0,0,0,0,0,0,0,0,0,0,0,283,283,1200.0,1219.8161409893999,1084.762399999999,1282.1867000000004,4736.0
1682888130,217,,Aggregated,0.000000,0.000000,0,0,0,0,0,0,0,0,0,0,0,283,283,1200.0,1219.8161409893999,1084.762399999999,1282.1867000000004,4736.0
1682888131,217,POST,/q/api/saveentity,0.000000,0.000000,0,0,0,0,0,0,0,0,0,0,0,283,283,1200.0,1219.8161409893999,1084.762399999999,1282.1867000000004,4736.0
1682888131,217,,Aggregated,0.000000,0.000000,0,0,0,0,0,0,0,0,0,0,0,283,283,1200.0,1219.8161409893999,1084.762399999999,1282.1867000000004,4736.0
1682888132,217,POST,/q/api/saveentity,0.000000,0.000000,0,0,0,0,0,0,0,0,0,0,0,283,283,1200.0,1219.8161409893999,1084.762399999999,1282.1867000000004,4736.0
1682888132,217,,Aggregated,0.000000,0.000000,0,0,0,0,0,0,0,0,0,0,0,283,283,1200.0,1219.8161409893999,1084.762399999999,1282.1867000000004,4736.0
1682888133,217,POST,/q/api/saveentity,0.000000,0.000000,0,0,0,0,0,0,0,0,0,0,0,283,283,1200.0,1219.8161409893999,1084.762399999999,1282.1867000000004,4736.0
1682888133,217,,Aggregated,0.000000,0.000000,0,0,0,0,0,0,0,0,0,0,0,283,283,1200.0,1219.8161409893999,1084.762399999999,1282.1867000000004,4736.0
1682888134,217,POST,/q/api/saveentity,0.000000,0.000000,0,0,0,0,0,0,0,0,0,0,0,283,283,1200.0,1219.8161409893999,1084.762399999999,1282.1867000000004,4736.0
1682888134,217,,Aggregated,0.000000,0.000000,0,0,0,0,0,0,0,0,0,0,0,283,283,1200.0,1219.8161409893999,1084.762399999999,1282.1867000000004,4736.0
1682888135,217,POST,/q/api/saveentity,0.000000,0.000000,0,0,0,0,0,0,0,0,0,0,0,283,283,1200.0,1219.8161409893999,1084.762399999999,1282.1867000000004,4736.0
1682888135,217,,Aggregated,0.000000,0.000000,0,0,0,0,0,0,0,0,0,0,0,283,283,1200.0,1219.8161409893999,1084.762399999999,1282.1867000000004,4736.0
1682888136,217,POST,/q/api/saveentity,0.000000,0.000000,0,0,0,0,0,0,0,0,0,0,0,283,283,1200.0,1219.8161409893999,1084.762399999999,1282.1867000000004,4736.0
1682888136,217,,Aggregated,0.000000,0.000000,0,0,0,0,0,0,0,0,0,0,0,283,283,1200.0,1219.8161409893999,1084.762399999999,1282.1867000000004,4736.0
1682888137,217,POST,/q/api/saveentity,0.000000,0.000000,0,0,0,0,0,0,0,0,0,0,0,283,283,1200.0,1219.8161409893999,1084.762399999999,1282.1867000000004,4736.0
1682888137,217,,Aggregated,0.000000,0.000000,0,0,0,0,0,0,0,0,0,0,0,283,283,1200.0,1219.8161409893999,1084.762399999999,1282.1867000000004,4736.0
1682888138,217,POST,/q/api/saveentity,0.000000,0.000000,0,0,0,0,0,0,0,0,0,0,0,283,283,1200.0,1219.8161409893999,1084.762399999999,1282.1867000000004,4736.0
1682888138,217,,Aggregated,0.000000,0.000000,0,0,0,0,0,0,0,0,0,0,0,283,283,1200.0,1219.8161409893999,1084.762399999999,1282.1867000000004,4736.0
1682888139,217,POST,/q/api/saveentity,0.000000,0.000000,0,0,0,0,0,0,0,0,0,0,0,283,283,1200.0,1219.8161409893999,1084.762399999999,1282.1867000000004,4736.0
1682888139,217,,Aggregated,0.000000,0.000000,0,0,0,0,0,0,0,0,0,0,0,283,283,1200.0,1219.8161409893999,1084.762399999999,1282.1867000000004,4736.0
1682888140,217,POST,/q/api/saveentity,0.000000,0.000000,0,0,0,0,0,0,0,0,0,0,0,283,283,1200.0,1219.8161409893999,1084.762399999999,1282.1867000000004,4736.0
1682888140,217,,Aggregated,0.000000,0.000000,0,0,0,0,0,0,0,0,0,0,0,283,283,1200.0,1219.8161409893999,1084.762399999999,1282.1867000000004,4736.0
1682888141,217,POST,/q/api/saveentity,0.000000,0.000000,0,0,0,0,0,0,0,0,0,0,0,283,283,1200.0,1219.8161409893999,1084.762399999999,1282.1867000000004,4736.0
1682888141,217,,Aggregated,0.000000,0.000000,0,0,0,0,0,0,0,0,0,0,0,283,283,1200.0,1219.8161409893999,1084.762399999999,1282.1867000000004,4736.0
1682888142,217,POST,/q/api/saveentity,0.000000,0.000000,0,0,0,0,0,0,0,0,0,0,0,283,283,1200.0,1219.8161409893999,1084.762399999999,1282.1867000000004,4736.0
1682888142,217,,Aggregated,0.000000,0.000000,0,0,0,0,0,0,0,0,0,0,0,283,283,1200.0,1219.8161409893999,1084.762399999999,1282.1867000000004,4736.0
1682888143,217,POST,/q/api/saveentity,0.000000,0.000000,0,0,0,0,0,0,0,0,0,0,0,283,283,1200.0,1219.8161409893999,1084.762399999999,1282.1867000000004,4736.0
1682888143,217,,Aggregated,0.000000,0.000000,0,0,0,0,0,0,0,0,0,0,0,283,283,1200.0,1219.8161409893999,1084.762399999999,1282.1867000000004,4736.0
1682888144,217,POST,/q/api/saveentity,0.000000,0.000000,0,0,0,0,0,0,0,0,0,0,0,283,283,1200.0,1219.8161409893999,1084.762399999999,1282.1867000000004,4736.0
1682888144,217,,Aggregated,0.000000,0.000000,0,0,0,0,0,0,0,0,0,0,0,283,283,1200.0,1219.8161409893999,1084.762399999999,1282.1867000000004,4736.0
1682888145,217,POST,/q/api/saveentity,0.000000,0.000000,0,0,0,0,0,0,0,0,0,0,0,283,283,1200.0,1219.8161409893999,1084.762399999999,1282.1867000000004,4736.0
1682888145,217,,Aggregated,0.000000,0.000000,0,0,0,0,0,0,0,0,0,0,0,283,283,1200.0,1219.8161409893999,1084.762399999999,1282.1867000000004,4736.0
1682888146,217,POST,/q/api/saveentity,0.000000,0.000000,0,0,0,0,0,0,0,0,0,0,0,283,283,1200.0,1219.8161409893999,1084.762399999999,1282.1867000000004,4736.0
1682888146,217,,Aggregated,0.000000,0.000000,0,0,0,0,0,0,0,0,0,0,0,283,283,1200.0,1219.8161409893999,1084.762399999999,1282.1867000000004,4736.0
1682888147,217,POST,/q/api/saveentity,0.000000,0.000000,0,0,0,0,0,0,0,0,0,0,0,283,283,1200.0,1219.8161409893999,1084.762399999999,1282.1867000000004,4736.0
1682888147,217,,Aggregated,0.000000,0.000000,0,0,0,0,0,0,0,0,0,0,0,283,283,1200.0,1219.8161409893999,1084.762399999999,1282.1867000000004,4736.0
1682888148,217,POST,/q/api/saveentity,0.000000,0.000000,0,0,0,0,0,0,0,0,0,0,0,283,283,1200.0,1219.8161409893999,1084.762399999999,1282.1867000000004,4736.0
1682888148,217,,Aggregated,0.000000,0.000000,0,0,0,0,0,0,0,0,0,0,0,283,283,1200.0,1219.8161409893999,1084.762399999999,1282.1867000000004,4736.0
1682888149,217,POST,/q/api/saveentity,0.000000,0.000000,0,0,0,0,0,0,0,0,0,0,0,283,283,1200.0,1219.8161409893999,1084.762399999999,1282.1867000000004,4736.0
1682888149,217,,Aggregated,0.000000,0.000000,0,0,0,0,0,0,0,0,0,0,0,283,283,1200.0,1219.8161409893999,1084.762399999999,1282.1867000000004,4736.0
1682888150,217,POST,/q/api/saveentity,0.000000,0.000000,0,0,0,0,0,0,0,0,0,0,0,283,283,1200.0,1219.8161409893999,1084.762399999999,1282.1867000000004,4736.0
1682888150,217,,Aggregated,0.000000,0.000000,0,0,0,0,0,0,0,0,0,0,0,283,283,1200.0,1219.8161409893999,1084.762399999999,1282.1867000000004,4736.0
1682888151,217,POST,/q/api/saveentity,0.000000,0.000000,0,0,0,0,0,0,0,0,0,0,0,283,283,1200.0,1219.8161409893999,1084.762399999999,1282.1867000000004,4736.0
1682888151,217,,Aggregated,0.000000,0.000000,0,0,0,0,0,0,0,0,0,0,0,283,283,1200.0,1219.8161409893999,1084.762399999999,1282.1867000000004,4736.0
1682888152,217,POST,/q/api/saveentity,0.000000,0.000000,0,0,0,0,0,0,0,0,0,0,0,283,283,1200.0,1219.8161409893999,1084.762399999999,1282.1867000000004,4736.0
1682888152,217,,Aggregated,0.000000,0.000000,0,0,0,0,0,0,0,0,0,0,0,283,283,1200.0,1219.8161409893999,1084.762399999999,1282.1867000000004,4736.0
1682888153,217,POST,/q/api/saveentity,0.000000,0.000000,0,0,0,0,0,0,0,0,0,0,0,283,283,1200.0,1219.8161409893999,1084.762399999999,1282.1867000000004,4736.0
1682888153,217,,Aggregated,0.000000,0.000000,0,0,0,0,0,0,0,0,0,0,0,283,283,1200.0,1219.8161409893999,1084.762399999999,1282.1867000000004,4736.0
1682888154,217,POST,/q/api/saveentity,0.000000,0.000000,0,0,0,0,0,0,0,0,0,0,0,283,283,1200.0,1219.8161409893999,1084.762399999999,1282.1867000000004,4736.0
1682888154,217,,Aggregated,0.000000,0.000000,0,0,0,0,0,0,0,0,0,0,0,283,283,1200.0,1219.8161409893999,1084.762399999999,1282.1867000000004,4736.0
1682888155,217,POST,/q/api/saveentity,0.000000,0.000000,0,0,0,0,0,0,0,0,0,0,0,283,283,1200.0,1219.8161409893999,1084.762399999999,1282.1867000000004,4736.0
1682888155,217,,Aggregated,0.000000,0.000000,0,0,0,0,0,0,0,0,0,0,0,283,283,1200.0,1219.8161409893999,1084.762399999999,1282.1867000000004,4736.0
1682888156,217,POST,/q/api/saveentity,0.000000,0.000000,0,0,0,0,0,0,0,0,0,0,0,283,283,1200.0,1219.8161409893999,1084.762399999999,1282.1867000000004,4736.0
1682888156,217,,Aggregated,0.000000,0.000000,0,0,0,0,0,0,0,0,0,0,0,283,283,1200.0,1219.8161409893999,1084.762399999999,1282.1867000000004,4736.0
1682888157,217,POST,/q/api/saveentity,0.000000,0.000000,0,0,0,0,0,0,0,0,0,0,0,283,283,1200.0,1219.8161409893999,1084.762399999999,1282.1867000000004,4736.0
1682888157,217,,Aggregated,0.000000,0.000000,0,0,0,0,0,0,0,0,0,0,0,283,283,1200.0,1219.8161409893999,1084.762399999999,1282.1867000000004,4736.0
1682888158,217,POST,/q/api/saveentity,0.000000,0.000000,0,0,0,0,0,0,0,0,0,0,0,283,283,1200.0,1219.8161409893999,1084.762399999999,1282.1867000000004,4736.0
1682888158,217,,Aggregated,0.000000,0.000000,0,0,0,0,0,0,0,0,0,0,0,283,283,1200.0,1219.8161409893999,1084.762399999999,1282.1867000000004,4736.0
1682888159,217,POST,/q/api/saveentity,0.000000,0.000000,0,0,0,0,0,0,0,0,0,0,0,283,283,1200.0,1219.8161409893999,1084.762399999999,1282.1867000000004,4736.0
1682888159,217,,Aggregated,0.000000,0.000000,0,0,0,0,0,0,0,0,0,0,0,283,283,1200.0,1219.8161409893999,1084.762399999999,1282.1867000000004,4736.0
1682888160,217,POST,/q/api/saveentity,0.000000,0.000000,0,0,0,0,0,0,0,0,0,0,0,283,283,1200.0,1219.8161409893999,1084.762399999999,1282.1867000000004,4736.0
1682888160,217,,Aggregated,0.000000,0.000000,0,0,0,0,0,0,0,0,0,0,0,283,283,1200.0,1219.8161409893999,1084.762399999999,1282.1867000000004,4736.0
1682888161,217,POST,/q/api/saveentity,0.000000,0.000000,0,0,0,0,0,0,0,0,0,0,0,283,283,1200.0,1219.8161409893999,1084.762399999999,1282.1867000000004,4736.0
1682888161,217,,Aggregated,0.000000,0.000000,0,0,0,0,0,0,0,0,0,0,0,283,283,1200.0,1219.8161409893999,1084.762399999999,1282.1867000000004,4736.0
1682888162,217,POST,/q/api/saveentity,0.000000,0.000000,0,0,0,0,0,0,0,0,0,0,0,283,283,1200.0,1219.8161409893999,1084.762399999999,1282.1867000000004,4736.0
1682888162,217,,Aggregated,0.000000,0.000000,0,0,0,0,0,0,0,0,0,0,0,283,283,1200.0,1219.8161409893999,1084.762399999999,1282.1867000000004,4736.0
1682888163,217,POST,/q/api/saveentity,0.000000,0.000000,0,0,0,0,0,0,0,0,0,0,0,283,283,1200.0,1219.8161409893999,1084.762399999999,1282.1867000000004,4736.0
1682888163,217,,Aggregated,0.000000,0.000000,0,0,0,0,0,0,0,0,0,0,0,283,283,1200.0,1219.8161409893999,1084.762399999999,1282.1867000000004,4736.0
1682888164,217,POST,/q/api/saveentity,0.000000,0.000000,0,0,0,0,0,0,0,0,0,0,0,283,283,1200.0,1219.8161409893999,1084.762399999999,1282.1867000000004,4736.0
1682888164,217,,Aggregated,0.000000,0.000000,0,0,0,0,0,0,0,0,0,0,0,283,283,1200.0,1219.8161409893999,1084.762399999999,1282.1867000000004,4736.0
1682888165,217,POST,/q/api/saveentity,0.000000,0.000000,0,0,0,0,0,0,0,0,0,0,0,283,283,1200.0,1219.8161409893999,1084.762399999999,1282.1867000000004,4736.0
1682888165,217,,Aggregated,0.000000,0.000000,0,0,0,0,0,0,0,0,0,0,0,283,283,1200.0,1219.8161409893999,1084.762399999999,1282.1867000000004,4736.0
1682888166,217,POST,/q/api/saveentity,0.000000,0.000000,0,0,0,0,0,0,0,0,0,0,0,283,283,1200.0,1219.8161409893999,1084.762399999999,1282.1867000000004,4736.0
1682888166,217,,Aggregated,0.000000,0.000000,0,0,0,0,0,0,0,0,0,0,0,283,283,1200.0,1219.8161409893999,1084.762399999999,1282.1867000000004,4736.0
1682888167,217,POST,/q/api/saveentity,0.000000,0.000000,0,0,0,0,0,0,0,0,0,0,0,283,283,1200.0,1219.8161409893999,1084.762399999999,1282.1867000000004,4736.0
1682888167,217,,Aggregated,0.000000,0.000000,0,0,0,0,0,0,0,0,0,0,0,283,283,1200.0,1219.8161409893999,1084.762399999999,1282.1867000000004,4736.0
1682888168,217,POST,/q/api/saveentity,0.000000,0.000000,0,0,0,0,0,0,0,0,0,0,0,283,283,1200.0,1219.8161409893999,1084.762399999999,1282.1867000000004,4736.0
1682888168,217,,Aggregated,0.000000,0.000000,0,0,0,0,0,0,0,0,0,0,0,283,283,1200.0,1219.8161409893999,1084.762399999999,1282.1867000000004,4736.0
1682888169,217,POST,/q/api/saveentity,0.000000,0.000000,0,0,0,0,0,0,0,0,0,0,0,283,283,1200.0,1219.8161409893999,1084.762399999999,1282.1867000000004,4736.0
1682888169,217,,Aggregated,0.000000,0.000000,0,0,0,0,0,0,0,0,0,0,0,283,283,1200.0,1219.8161409893999,1084.762399999999,1282.1867000000004,4736.0
1682888170,217,POST,/q/api/saveentity,0.000000,0.000000,0,0,0,0,0,0,0,0,0,0,0,283,283,1200.0,1219.8161409893999,1084.762399999999,1282.1867000000004,4736.0
1682888170,217,,Aggregated,0.000000,0.000000,0,0,0,0,0,0,0,0,0,0,0,283,283,1200.0,1219.8161409893999,1084.762399999999,1282.1867000000004,4736.0
1682888171,217,POST,/q/api/saveentity,0.000000,0.000000,0,0,0,0,0,0,0,0,0,0,0,283,283,1200.0,1219.8161409893999,1084.762399999999,1282.1867000000004,4736.0
1682888171,217,,Aggregated,0.000000,0.000000,0,0,0,0,0,0,0,0,0,0,0,283,283,1200.0,1219.8161409893999,1084.762399999999,1282.1867000000004,4736.0
1682888172,217,POST,/q/api/saveentity,0.000000,0.000000,0,0,0,0,0,0,0,0,0,0,0,283,283,1200.0,1219.8161409893999,1084.762399999999,1282.1867000000004,4736.0
1682888172,217,,Aggregated,0.000000,0.000000,0,0,0,0,0,0,0,0,0,0,0,283,283,1200.0,1219.8161409893999,1084.762399999999,1282.1867000000004,4736.0
1682888173,217,POST,/q/api/saveentity,0.000000,0.000000,0,0,0,0,0,0,0,0,0,0,0,283,283,1200.0,1219.8161409893999,1084.762399999999,1282.1867000000004,4736.0
1682888173,217,,Aggregated,0.000000,0.000000,0,0,0,0,0,0,0,0,0,0,0,283,283,1200.0,1219.8161409893999,1084.762399999999,1282.1867000000004,4736.0
1682888174,217,POST,/q/api/saveentity,0.000000,0.000000,0,0,0,0,0,0,0,0,0,0,0,283,283,1200.0,1219.8161409893999,1084.762399999999,1282.1867000000004,4736.0
1682888174,217,,Aggregated,0.000000,0.000000,0,0,0,0,0,0,0,0,0,0,0,283,283,1200.0,1219.8161409893999,1084.762399999999,1282.1867000000004,4736.0
1682888175,217,POST,/q/api/saveentity,0.000000,0.000000,0,0,0,0,0,0,0,0,0,0,0,283,283,1200.0,1219.8161409893999,1084.762399999999,1282.1867000000004,4736.0
1682888175,217,,Aggregated,0.000000,0.000000,0,0,0,0,0,0,0,0,0,0,0,283,283,1200.0,1219.8161409893999,1084.762399999999,1282.1867000000004,4736.0
1682888176,217,POST,/q/api/saveentity,0.000000,0.000000,0,0,0,0,0,0,0,0,0,0,0,283,283,1200.0,1219.8161409893999,1084.762399999999,1282.1867000000004,4736.0
1682888176,217,,Aggregated,0.000000,0.000000,0,0,0,0,0,0,0,0,0,0,0,283,283,1200.0,1219.8161409893999,1084.762399999999,1282.1867000000004,4736.0
1682888177,217,POST,/q/api/saveentity,0.000000,0.000000,0,0,0,0,0,0,0,0,0,0,0,283,283,1200.0,1219.8161409893999,1084.762399999999,1282.1867000000004,4736.0
1682888177,217,,Aggregated,0.000000,0.000000,0,0,0,0,0,0,0,0,0,0,0,283,283,1200.0,1219.8161409893999,1084.762399999999,1282.1867000000004,4736.0
1682888178,217,POST,/q/api/saveentity,0.000000,0.000000,0,0,0,0,0,0,0,0,0,0,0,283,283,1200.0,1219.8161409893999,1084.762399999999,1282.1867000000004,4736.0
1682888178,217,,Aggregated,0.000000,0.000000,0,0,0,0,0,0,0,0,0,0,0,283,283,1200.0,1219.8161409893999,1084.762399999999,1282.1867000000004,4736.0
1682888179,217,POST,/q/api/saveentity,0.000000,0.000000,0,0,0,0,0,0,0,0,0,0,0,283,283,1200.0,1219.8161409893999,1084.762399999999,1282.1867000000004,4736.0
1682888179,217,,Aggregated,0.000000,0.000000,0,0,0,0,0,0,0,0,0,0,0,283,283,1200.0,1219.8161409893999,1084.762399999999,1282.1867000000004,4736.0
1682888180,217,POST,/q/api/saveentity,0.000000,0.000000,0,0,0,0,0,0,0,0,0,0,0,283,283,1200.0,1219.8161409893999,1084.762399999999,1282.1867000000004,4736.0
1682888180,217,,Aggregated,0.000000,0.000000,0,0,0,0,0,0,0,0,0,0,0,283,283,1200.0,1219.8161409893999,1084.762399999999,1282.1867000000004,4736.0
1682888181,217,POST,/q/api/saveentity,0.000000,0.000000,0,0,0,0,0,0,0,0,0,0,0,283,283,1200.0,1219.8161409893999,1084.762399999999,1282.1867000000004,4736.0
1682888181,217,,Aggregated,0.000000,0.000000,0,0,0,0,0,0,0,0,0,0,0,283,283,1200.0,1219.8161409893999,1084.762399999999,1282.1867000000004,4736.0
1682888182,217,POST,/q/api/saveentity,0.000000,0.000000,0,0,0,0,0,0,0,0,0,0,0,283,283,1200.0,1219.8161409893999,1084.762399999999,1282.1867000000004,4736.0
1682888182,217,,Aggregated,0.000000,0.000000,0,0,0,0,0,0,0,0,0,0,0,283,283,1200.0,1219.8161409893999,1084.762399999999,1282.1867000000004,4736.0
1682888183,217,POST,/q/api/saveentity,0.000000,0.000000,0,0,0,0,0,0,0,0,0,0,0,283,283,1200.0,1219.8161409893999,1084.762399999999,1282.1867000000004,4736.0
1682888183,217,,Aggregated,0.000000,0.000000,0,0,0,0,0,0,0,0,0,0,0,283,283,1200.0,1219.8161409893999,1084.762399999999,1282.1867000000004,4736.0
1682888184,217,POST,/q/api/saveentity,0.000000,0.000000,0,0,0,0,0,0,0,0,0,0,0,283,283,1200.0,1219.8161409893999,1084.762399999999,1282.1867000000004,4736.0
1682888184,217,,Aggregated,0.000000,0.000000,0,0,0,0,0,0,0,0,0,0,0,283,283,1200.0,1219.8161409893999,1084.762399999999,1282.1867000000004,4736.0
1682888185,217,POST,/q/api/saveentity,0.000000,0.000000,0,0,0,0,0,0,0,0,0,0,0,283,283,1200.0,1219.8161409893999,1084.762399999999,1282.1867000000004,4736.0
1682888185,217,,Aggregated,0.000000,0.000000,0,0,0,0,0,0,0,0,0,0,0,283,283,1200.0,1219.8161409893999,1084.762399999999,1282.1867000000004,4736.0
1682888186,217,POST,/q/api/saveentity,0.000000,0.000000,0,0,0,0,0,0,0,0,0,0,0,283,283,1200.0,1219.8161409893999,1084.762399999999,1282.1867000000004,4736.0
1682888186,217,,Aggregated,0.000000,0.000000,0,0,0,0,0,0,0,0,0,0,0,283,283,1200.0,1219.8161409893999,1084.762399999999,1282.1867000000004,4736.0
1682888187,217,POST,/q/api/saveentity,0.000000,0.000000,0,0,0,0,0,0,0,0,0,0,0,283,283,1200.0,1219.8161409893999,1084.762399999999,1282.1867000000004,4736.0
1682888187,217,,Aggregated,0.000000,0.000000,0,0,0,0,0,0,0,0,0,0,0,283,283,1200.0,1219.8161409893999,1084.762399999999,1282.1867000000004,4736.0
1682888188,217,POST,/q/api/saveentity,0.000000,0.000000,0,0,0,0,0,0,0,0,0,0,0,283,283,1200.0,1219.8161409893999,1084.762399999999,1282.1867000000004,4736.0
1682888188,217,,Aggregated,0.000000,0.000000,0,0,0,0,0,0,0,0,0,0,0,283,283,1200.0,1219.8161409893999,1084.762399999999,1282.1867000000004,4736.0
1682888189,217,POST,/q/api/saveentity,0.000000,0.000000,0,0,0,0,0,0,0,0,0,0,0,283,283,1200.0,1219.8161409893999,1084.762399999999,1282.1867000000004,4736.0
1682888189,217,,Aggregated,0.000000,0.000000,0,0,0,0,0,0,0,0,0,0,0,283,283,1200.0,1219.8161409893999,1084.762399999999,1282.1867000000004,4736.0
1682888190,217,POST,/q/api/saveentity,0.000000,0.000000,0,0,0,0,0,0,0,0,0,0,0,283,283,1200.0,1219.8161409893999,1084.762399999999,1282.1867000000004,4736.0
1682888190,217,,Aggregated,0.000000,0.000000,0,0,0,0,0,0,0,0,0,0,0,283,283,1200.0,1219.8161409893999,1084.762399999999,1282.1867000000004,4736.0
1682888191,217,POST,/q/api/saveentity,0.000000,0.000000,0,0,0,0,0,0,0,0,0,0,0,283,283,1200.0,1219.8161409893999,1084.762399999999,1282.1867000000004,4736.0
1682888191,217,,Aggregated,0.000000,0.000000,0,0,0,0,0,0,0,0,0,0,0,283,283,1200.0,1219.8161409893999,1084.762399999999,1282.1867000000004,4736.0
1682888192,217,POST,/q/api/saveentity,0.000000,0.000000,0,0,0,0,0,0,0,0,0,0,0,283,283,1200.0,1219.8161409893999,1084.762399999999,1282.1867000000004,4736.0
1682888192,217,,Aggregated,0.000000,0.000000,0,0,0,0,0,0,0,0,0,0,0,283,283,1200.0,1219.8161409893999,1084.762399999999,1282.1867000000004,4736.0
1682888193,217,POST,/q/api/saveentity,0.000000,0.000000,0,0,0,0,0,0,0,0,0,0,0,283,283,1200.0,1219.8161409893999,1084.762399999999,1282.1867000000004,4736.0
1682888193,217,,Aggregated,0.000000,0.000000,0,0,0,0,0,0,0,0,0,0,0,283,283,1200.0,1219.8161409893999,1084.762399999999,1282.1867000000004,4736.0
1682888194,217,POST,/q/api/saveentity,0.000000,0.000000,0,0,0,0,0,0,0,0,0,0,0,283,283,1200.0,1219.8161409893999,1084.762399999999,1282.1867000000004,4736.0
1682888194,217,,Aggregated,0.000000,0.000000,0,0,0,0,0,0,0,0,0,0,0,283,283,1200.0,1219.8161409893999,1084.762399999999,1282.1867000000004,4736.0
1682888195,217,POST,/q/api/saveentity,0.000000,0.000000,0,0,0,0,0,0,0,0,0,0,0,283,283,1200.0,1219.8161409893999,1084.762399999999,1282.1867000000004,4736.0
1682888195,217,,Aggregated,0.000000,0.000000,0,0,0,0,0,0,0,0,0,0,0,283,283,1200.0,1219.8161409893999,1084.762399999999,1282.1867000000004,4736.0
1682888196,217,POST,/q/api/saveentity,0.000000,0.000000,0,0,0,0,0,0,0,0,0,0,0,283,283,1200.0,1219.8161409893999,1084.762399999999,1282.1867000000004,4736.0
1682888196,217,,Aggregated,0.000000,0.000000,0,0,0,0,0,0,0,0,0,0,0,283,283,1200.0,1219.8161409893999,1084.762399999999,1282.1867000000004,4736.0
1682888197,217,POST,/q/api/saveentity,0.000000,0.000000,0,0,0,0,0,0,0,0,0,0,0,283,283,1200.0,1219.8161409893999,1084.762399999999,1282.1867000000004,4736.0
1682888197,217,,Aggregated,0.000000,0.000000,0,0,0,0,0,0,0,0,0,0,0,283,283,1200.0,1219.8161409893999,1084.762399999999,1282.1867000000004,4736.0
1682888198,217,POST,/q/api/saveentity,0.000000,0.000000,0,0,0,0,0,0,0,0,0,0,0,283,283,1200.0,1219.8161409893999,1084.762399999999,1282.1867000000004,4736.0
1682888198,217,,Aggregated,0.000000,0.000000,0,0,0,0,0,0,0,0,0,0,0,283,283,1200.0,1219.8161409893999,1084.762399999999,1282.1867000000004,4736.0
1682888199,217,POST,/q/api/saveentity,0.000000,0.000000,0,0,0,0,0,0,0,0,0,0,0,283,283,1200.0,1219.8161409893999,1084.762399999999,1282.1867000000004,4736.0
1682888199,217,,Aggregated,0.000000,0.000000,0,0,0,0,0,0,0,0,0,0,0,283,283,1200.0,1219.8161409893999,1084.762399999999,1282.1867000000004,4736.0
1682888200,217,POST,/q/api/saveentity,0.000000,0.000000,0,0,0,0,0,0,0,0,0,0,0,283,283,1200.0,1219.8161409893999,1084.762399999999,1282.1867000000004,4736.0
1682888200,217,,Aggregated,0.000000,0.000000,0,0,0,0,0,0,0,0,0,0,0,283,283,1200.0,1219.8161409893999,1084.762399999999,1282.1867000000004,4736.0
1682888201,217,POST,/q/api/saveentity,0.000000,0.000000,0,0,0,0,0,0,0,0,0,0,0,283,283,1200.0,1219.8161409893999,1084.762399999999,1282.1867000000004,4736.0
1682888201,217,,Aggregated,0.000000,0.000000,0,0,0,0,0,0,0,0,0,0,0,283,283,1200.0,1219.8161409893999,1084.762399999999,1282.1867000000004,4736.0
1682888202,217,POST,/q/api/saveentity,0.000000,0.000000,0,0,0,0,0,0,0,0,0,0,0,283,283,1200.0,1219.8161409893999,1084.762399999999,1282.1867000000004,4736.0
1682888202,217,,Aggregated,0.000000,0.000000,0,0,0,0,0,0,0,0,0,0,0,283,283,1200.0,1219.8161409893999,1084.762399999999,1282.1867000000004,4736.0
1682888203,217,POST,/q/api/saveentity,0.000000,0.000000,0,0,0,0,0,0,0,0,0,0,0,283,283,1200.0,1219.8161409893999,1084.762399999999,1282.1867000000004,4736.0
1682888203,217,,Aggregated,0.000000,0.000000,0,0,0,0,0,0,0,0,0,0,0,283,283,1200.0,1219.8161409893999,1084.762399999999,1282.1867000000004,4736.0
1682888204,217,POST,/q/api/saveentity,0.000000,0.000000,0,0,0,0,0,0,0,0,0,0,0,283,283,1200.0,1219.8161409893999,1084.762399999999,1282.1867000000004,4736.0
1682888204,217,,Aggregated,0.000000,0.000000,0,0,0,0,0,0,0,0,0,0,0,283,283,1200.0,1219.8161409893999,1084.762399999999,1282.1867000000004,4736.0
1682888205,217,POST,/q/api/saveentity,0.000000,0.000000,0,0,0,0,0,0,0,0,0,0,0,283,283,1200.0,1219.8161409893999,1084.762399999999,1282.1867000000004,4736.0
1682888205,217,,Aggregated,0.000000,0.000000,0,0,0,0,0,0,0,0,0,0,0,283,283,1200.0,1219.8161409893999,1084.762399999999,1282.1867000000004,4736.0
1682888206,217,POST,/q/api/saveentity,0.000000,0.000000,0,0,0,0,0,0,0,0,0,0,0,283,283,1200.0,1219.8161409893999,1084.762399999999,1282.1867000000004,4736.0
1682888206,217,,Aggregated,0.000000,0.000000,0,0,0,0,0,0,0,0,0,0,0,283,283,1200.0,1219.8161409893999,1084.762399999999,1282.1867000000004,4736.0
1682888207,217,POST,/q/api/saveentity,0.000000,0.000000,0,0,0,0,0,0,0,0,0,0,0,283,283,1200.0,1219.8161409893999,1084.762399999999,1282.1867000000004,4736.0
1682888207,217,,Aggregated,0.000000,0.000000,0,0,0,0,0,0,0,0,0,0,0,283,283,1200.0,1219.8161409893999,1084.762399999999,1282.1867000000004,4736.0
1682888208,217,POST,/q/api/saveentity,0.000000,0.000000,0,0,0,0,0,0,0,0,0,0,0,283,283,1200.0,1219.8161409893999,1084.762399999999,1282.1867000000004,4736.0
1682888208,217,,Aggregated,0.000000,0.000000,0,0,0,0,0,0,0,0,0,0,0,283,283,1200.0,1219.8161409893999,1084.762399999999,1282.1867000000004,4736.0
1682888209,217,POST,/q/api/saveentity,0.000000,0.000000,0,0,0,0,0,0,0,0,0,0,0,283,283,1200.0,1219.8161409893999,1084.762399999999,1282.1867000000004,4736.0
1682888209,217,,Aggregated,0.000000,0.000000,0,0,0,0,0,0,0,0,0,0,0,283,283,1200.0,1219.8161409893999,1084.762399999999,1282.1867000000004,4736.0
1682888210,217,POST,/q/api/saveentity,0.000000,0.000000,0,0,0,0,0,0,0,0,0,0,0,283,283,1200.0,1219.8161409893999,1084.762399999999,1282.1867000000004,4736.0
1682888210,217,,Aggregated,0.000000,0.000000,0,0,0,0,0,0,0,0,0,0,0,283,283,1200.0,1219.8161409893999,1084.762399999999,1282.1867000000004,4736.0
1682888211,217,POST,/q/api/saveentity,0.000000,0.000000,0,0,0,0,0,0,0,0,0,0,0,283,283,1200.0,1219.8161409893999,1084.762399999999,1282.1867000000004,4736.0
1682888211,217,,Aggregated,0.000000,0.000000,0,0,0,0,0,0,0,0,0,0,0,283,283,1200.0,1219.8161409893999,1084.762399999999,1282.1867000000004,4736.0
1682888212,217,POST,/q/api/saveentity,0.000000,0.000000,0,0,0,0,0,0,0,0,0,0,0,283,283,1200.0,1219.8161409893999,1084.762399999999,1282.1867000000004,4736.0
1682888212,217,,Aggregated,0.000000,0.000000,0,0,0,0,0,0,0,0,0,0,0,283,283,1200.0,1219.8161409893999,1084.762399999999,1282.1867000000004,4736.0
1682888213,217,POST,/q/api/saveentity,0.000000,0.000000,0,0,0,0,0,0,0,0,0,0,0,283,283,1200.0,1219.8161409893999,1084.762399999999,1282.1867000000004,4736.0
1682888213,217,,Aggregated,0.000000,0.000000,0,0,0,0,0,0,0,0,0,0,0,283,283,1200.0,1219.8161409893999,1084.762399999999,1282.1867000000004,4736.0
1682888214,217,POST,/q/api/saveentity,0.000000,0.000000,0,0,0,0,0,0,0,0,0,0,0,283,283,1200.0,1219.8161409893999,1084.762399999999,1282.1867000000004,4736.0
1682888214,217,,Aggregated,0.000000,0.000000,0,0,0,0,0,0,0,0,0,0,0,283,283,1200.0,1219.8161409893999,1084.762399999999,1282.1867000000004,4736.0
1682888215,217,POST,/q/api/saveentity,0.000000,0.000000,0,0,0,0,0,0,0,0,0,0,0,283,283,1200.0,1219.8161409893999,1084.762399999999,1282.1867000000004,4736.0
1682888215,217,,Aggregated,0.000000,0.000000,0,0,0,0,0,0,0,0,0,0,0,283,283,1200.0,1219.8161409893999,1084.762399999999,1282.1867000000004,4736.0
1682888216,217,POST,/q/api/saveentity,0.000000,0.000000,0,0,0,0,0,0,0,0,0,0,0,283,283,1200.0,1219.8161409893999,1084.762399999999,1282.1867000000004,4736.0
1682888216,217,,Aggregated,0.000000,0.000000,0,0,0,0,0,0,0,0,0,0,0,283,283,1200.0,1219.8161409893999,1084.762399999999,1282.1867000000004,4736.0
1682888217,167,POST,/q/api/saveentity,0.000000,0.000000,0,0,0,0,0,0,0,0,0,0,0,333,333,1200.0,19086.534828528525,1084.762399999999,120229.76830000001,4731.495495495496
1682888217,167,,Aggregated,0.000000,0.000000,0,0,0,0,0,0,0,0,0,0,0,333,333,1200.0,19086.534828528525,1084.762399999999,120229.76830000001,4731.495495495496
